Protein Name,Number of Pockets,Pocket Details (Score and Coordinates)
ADSS2_reduce.txt,2,"[(0.93074834, [-0.58661905, -9.63361905, -0.142]), (0.89768267, [10.461, -0.586, 3.858])]"
AK2_reduce.txt,2,"[(0.8634717, [-0.77105882, 2.22452941, -3.87158824]), (0.8241689, [-0.67955556, 10.73433333, -9.401])]"
ALG3_reduce.txt,2,"[(0.9795264, [-0.784, 12.352, -1.452]), (0.8677408, [-12.784, 0.352, 22.548])]"
ALG9_reduce.txt,4,"[(0.9286343, [-0.459, -8.925, -4.622]), (0.92314893, [5.591, -4.125, -7.372]), (0.84207, [3.56023077, 5.075, 0.628]), (0.77002865, [-23.209, -8.925, -3.372])]"
ARHGAP45_reduce.txt,2,"[(0.871059, [-4.56534783, -15.39478261, -0.10078261]), (0.8259479, [-21.261, -16.96, 2.334])]"
ARID1A_reduce.txt,9,"[(0.8867125, [7.663, 5.92, 9.416]), (0.88168806, [-21.587, -7.22285714, 10.166]), (0.8742508, [14.85744444, 9.03111111, 3.72155556]), (0.8611911, [-1.587, 5.92, 28.166]), (0.8512038, [6.413, -10.08, 4.166]), (0.8387968, [10.413, -18.08, -19.834]), (0.8131629, [-5.587, 13.92, 16.166]), (0.7761592, [-9.587, 17.92, 12.166]), (0.74416107, [15.213, 1.12, 8.166])]"
ARID2_reduce.txt,1,"[(0.88615555, [-35.928, 31.719, 15.005])]"
ARID3B_reduce.txt,1,"[(0.7997159, [-4.79938806, -5.85513433, 0.07629851])]"
ATF7IP_reduce.txt,1,"[(0.73194474, [-6.77557143, 0.46267347, -2.76863265])]"
ATP1B3_reduce.txt,1,"[(0.7520628, [-15.29957143, 5.04, 1.99642857])]"
ATP2C1_reduce.txt,11,"[(0.916025, [-24.453, 1.301, 37.259]), (0.9123915, [21.947, 5.701, -20.341]), (0.90249366, [12.70489474, 14.14310526, 4.41689474]), (0.8803693, [-17.653, 1.301, 25.259]), (0.85799956, [-15.703, -14.699, 8.009]), (0.8557209, [-10.453, 1.301, 17.259]), (0.8553851, [6.38910526, 12.45889474, -13.89889474]), (0.8508006, [17.547, 5.301, -8.741]), (0.77226764, [-10.453, 5.301, 1.259]), (0.7704336, [-17.653, -3.499, 37.259]), (0.7349287, [17.547, 1.301, -22.741])]"
ATXN2L_reduce.txt,1,"[(0.8801113, [-1.02, 7.296, 21.984])]"
BCL2_reduce.txt,1,"[(0.8082134, [1.86285714, 5.45442857, -0.845])]"
CAB39_reduce.txt,1,"[(0.6952009, [7.73121053, 0.99215789, -2.47973684])]"
CAD_reduce.txt,21,"[(0.93753284, [28.637, 0.706, -23.113]), (0.9238872, [20.637, 0.706, -15.113]), (0.9209591, [-3.363, -11.294, 12.887]), (0.91335917, [-19.67411111, -6.62733333, -7.113]), (0.90855247, [-26.563, 4.706, 17.687]), (0.9050084, [36.637, -7.294, -23.113]), (0.89761525, [0.89231915, 15.08897872, -4.38959574]), (0.8873978, [-71.363, 24.706, 0.887]), (0.8870919, [-45.363, 24.706, 12.887]), (0.88315445, [-8.613, 20.706, -8.363]), (0.87594527, [8.637, -15.294, -27.113]), (0.8750837, [-13.7767931, 12.706, 7.02493103]), (0.87489575, [-7.363, -3.294, 20.887]), (0.8658217, [-35.99457895, 23.23231579, 2.57121053]), (0.8643909, [-32.41855556, 8.87266667, 0.387]), (0.84160167, [28.637, 8.706, -5.113]), (0.8386564, [-43.363, 18.99171429, 7.17271429]), (0.8370816, [-3.363, -7.294, 64.887]), (0.8204869, [-47.363, 20.706, -3.113]), (0.7794729, [16.637, -3.294, 60.887]), (0.732464, [-33.363, 3.706, 13.887])]"
CARM1_reduce.txt,3,"[(0.9199358, [-5.40306897, 1.92993103, -6.43862069]), (0.90602046, [-9.541, 1.792, 4.32]), (0.8040961, [-5.541, -10.208, -11.68])]"
CBFB_reduce.txt,1,"[(0.6942523, [4.132, 3.899, 4.164])]"
CCDC134_reduce.txt,1,"[(0.85641974, [9.75, 8.242, -10.396])]"
CCM2_reduce.txt,1,"[(0.76184237, [2.851, -2.89733333, -9.20333333])]"
CCND2_reduce.txt,1,"[(0.90005016, [2.813, 2.483, 1.904])]"
CHUK_reduce.txt,6,"[(0.92872375, [19.045, -8.662, -23.353]), (0.87738055, [29.75928571, -0.662, -24.63871429]), (0.8773607, [9.045, -4.662, -7.353]), (0.8660683, [10.37833333, 15.93059259, -16.68633333]), (0.86546296, [9.045, -0.662, 4.647]), (0.86306524, [1.045, 8.588, -6.103])]"
CNPY2_reduce.txt,1,"[(0.72981954, [-0.46847368, 2.291, -8.70663158])]"
CPD_reduce.txt,8,"[(0.9633428, [-20.069, 1.661, 41.724]), (0.9227427, [12.931, 0.661, -16.276]), (0.8779725, [7.931, 22.461, -12.276]), (0.877216, [15.931, 17.661, -2.276]), (0.87591857, [6.431, 9.861, -15.576]), (0.8629499, [-19.83370588, -6.69194118, 4.66517647]), (0.8599674, [-36.069, -2.339, 41.724]), (0.851406, [-31.269, -2.339, 36.924])]"
CPEB4_reduce.txt,3,"[(0.911861, [-10.583, 5.645, 5.56]), (0.85379046, [-13.333, 2.895, -10.44]), (0.70804024, [-6.583, -2.355, 9.56])]"
CTBP1_reduce.txt,2,"[(0.8992668, [-2.18866667, 4.39866667, -3.56266667]), (0.8375288, [-3.522, -3.868, -6.496])]"
DDI2_reduce.txt,1,"[(0.9239518, [37.364, 13.228, -20.147])]"
DLST_reduce.txt,2,"[(0.87368095, [-2.389, 1.297, -9.428]), (0.8713854, [2.011, 5.697, -11.828])]"
DNAJB11_reduce.txt,1,"[(0.7483101, [1.08705882, -2.85705882, -15.44623529])]"
DNAJC3_reduce.txt,1,"[(0.7814602, [-20.83655556, 2.91733333, 32.53918519])]"
DOT1L_reduce.txt,2,"[(0.8661457, [-2.54, -5.25, -10.773]), (0.85700893, [-6.54, -2.75, -0.273])]"
DPM1_reduce.txt,1,"[(0.9198437, [-3.80858621, -7.105, -2.88237931])]"
DUSP22_reduce.txt,1,"[(0.8029554, [-0.926, 5.08818182, 8.42])]"
EP300_reduce.txt,20,"[(0.9219216, [-19.604, -1.403, 19.538]), (0.8807876, [-10.324, 13.317, -11.342]), (0.8714002, [4.396, -3.76232203, -11.36369492]), (0.86637783, [-39.604, -28.203, -23.262]), (0.8638585, [-10.21938462, -2.51069231, -1.72353846]), (0.8560004, [-18.804, -5.403, 14.738]), (0.8510406, [24.396, -6.203, 16.738]), (0.8393458, [-11.604, -10.203, 6.738]), (0.82972145, [-35.604, -14.203, 16.738]), (0.82706106, [24.396, -5.403, -8.462]), (0.8265672, [-23.604, -10.203, 12.738]), (0.8261856, [-39.604, -6.203, -25.262]), (0.82162, [28.396, -10.203, 22.738]), (0.8178115, [-35.604, -38.203, -17.262]), (0.8112172, [29.196, -6.203, -4.462]), (0.8105701, [21.196, -10.46966667, -13.262]), (0.7942332, [-0.404, 6.597, -13.262]), (0.790388, [-11.604, 2.597, -10.062]), (0.7538148, [-3.604, -0.203, -9.262]), (0.68866825, [0.396, -18.203, -9.262])]"
ERN1_reduce.txt,12,"[(0.92048115, [-42.657, -5.508, 12.92166667]), (0.9094563, [-6.657, -7.508, 8.255]), (0.88384765, [-42.657, -5.508, 28.255]), (0.8781578, [-38.657, 18.992, 4.755]), (0.87708527, [-37.67922222, 14.492, 15.98833333]), (0.87296957, [-18.657, 8.492, 0.255]), (0.8681747, [-33.657, 23.492, 7.255]), (0.8673314, [-42.657, -5.508, 4.255]), (0.85234594, [-30.257, 22.892, 18.655]), (0.8336585, [-14.657, -5.508, 4.255]), (0.81136084, [-36.657, -9.508, 16.255]), (0.80722284, [-29.857, 14.492, 29.055])]"
FBXO11_reduce.txt,2,"[(0.86364967, [17.44, 11.864, -15.091]), (0.85396016, [17.44, 7.864, -35.091])]"
FEM1B_reduce.txt,1,"[(0.85615724, [15.456, -8.482, -2.614])]"
FGFR3_reduce.txt,7,"[(0.95266473, [-10.349, -0.268, 13.222]), (0.9305258, [-14.749, -2.668, 8.822]), (0.92841387, [5.251, 13.332, -31.178]), (0.9145128, [-30.749, -6.668, 16.822]), (0.838038, [-14.749, -6.668, 0.822]), (0.79709816, [5.251, 5.332, -11.178]), (0.7925163, [-18.749, -14.668, 0.822])]"
FLVCR1_reduce.txt,7,"[(0.95750904, [-25.063, 3.043, 9.753]), (0.9443265, [-12.263, -5.757, 13.753]), (0.9014247, [-8.263, -4.957, 8.953]), (0.8648463, [-19.063, 3.043, 13.753]), (0.85081285, [-23.63442857, 7.32871429, 17.18157143]), (0.8470678, [-16.063, -1.957, 12.753]), (0.82454145, [-21.063, -3.50245455, 17.753])]"
FURIN_reduce.txt,3,"[(0.885391, [2.332, -13.894, 1.442]), (0.8191244, [-5.668, 2.106, 11.442]), (0.7618957, [-5.668, -9.894, -0.558])]"
GART_reduce.txt,2,"[(0.86519915, [22.00920513, -0.46125641, -14.68525641]), (0.8399517, [0.881, -0.051, -10.275])]"
GCLC_reduce.txt,3,"[(0.9503514, [-1.28057143, 8.29257143, -0.71385714]), (0.8872361, [-13.852, 2.864, -1.571]), (0.8257148, [-9.23661538, 7.47938462, 1.04438462])]"
GLS_reduce.txt,1,"[(0.9104877, [0.605, 0.8, -23.485])]"
GTF2H5_reduce.txt,1,"[(0.61677545, [-2.644, -1.335, 2.506])]"
HDAC1_reduce.txt,1,"[(0.83767134, [0.297, 18.707, 3.498])]"
HERPUD1_reduce.txt,1,"[(0.7314246, [-5.49638462, 8.40538462, -9.79492308])]"
IGF1R_reduce.txt,8,"[(0.9071568, [-24.877, 24.89, -24.496]), (0.8813928, [-20.21033333, -9.11, 29.504]), (0.8669098, [-28.877, -4.31, 24.704]), (0.85852134, [-30.877, -9.11, 31.504]), (0.85688895, [-15.31178261, 14.19434783, -28.93078261]), (0.84519255, [31.123, 16.14, -1.246]), (0.83858484, [-18.377, -4.61, 25.004]), (0.72900164, [-20.077, 18.09, -22.496])]"
IKBKB_reduce.txt,3,"[(0.946149, [3.14740741, -9.92066667, -18.69933333]), (0.9223952, [19.74, 8.746, -15.366]), (0.8755281, [-4.26, -2.02323077, -3.366])]"
IKZF1_reduce.txt,2,"[(0.7990379, [14.102, -1.006, -4.865]), (0.78320867, [9.702, 1.394, -9.265])]"
IKZF3_reduce.txt,3,"[(0.94701105, [-2.876, 16.88, -0.117]), (0.8502793, [-2.876, 0.88, -0.117]), (0.8380698, [-8.126, 4.88, -9.367])]"
IL6ST_reduce.txt,1,"[(0.7683629, [-8.81921739, 0.78330435, 2.83073913])]"
IPPK_reduce.txt,2,"[(0.90752953, [-9.16525234, 2.304, -3.25652336]), (0.8510275, [-1.726, -21.696, -4.864])]"
IRF2_reduce.txt,1,"[(0.69205695, [-2.34214286, -0.25, 0.81142857])]"
IRF4_reduce.txt,2,"[(0.87500936, [-23.99233333, -8.775, 15.666]), (0.8239359, [-32.659, -8.775, 15.666])]"
IRS1_reduce.txt,1,"[(0.9036679, [-7.76, 4.865, -5.35])]"
ITPK1_reduce.txt,4,"[(0.97208536, [3.886, 4.992, -6.103]), (0.93999743, [-0.514, 4.992, 2.697]), (0.8847747, [5.486, 4.992, -19.303]), (0.7842167, [-20.514, 0.992, 0.697])]"
ITPK1__reduce.txt,2,"[(0.94037414, [1.415, 3.167, -0.802]), (0.9009346, [5.70071429, 6.30985714, -8.51628571])]"
KDM5C_reduce.txt,20,"[(0.96470916, [17.364, 13.65, -21.48]), (0.9525745, [-15.636, 3.4, -23.23]), (0.93190604, [20.364, 12.65, -34.48]), (0.9137952, [28.364, 12.65, -48.48]), (0.8963393, [9.34861538, 10.25, -12.91076923]), (0.8935782, [-13.636, -35.35, 7.52]), (0.89103895, [0.364, -43.35, -4.48]), (0.8833315, [-11.636, -40.15, -1.28]), (0.872061, [-1.15324138, -1.41896552, -11.10068966]), (0.87098825, [25.164, 32.65, -33.28]), (0.86479104, [32.764, 8.25, -46.08]), (0.86019564, [-3.636, -12.01666667, -12.48]), (0.84576905, [-19.636, -7.35, -12.48]), (0.8269488, [2.364, -35.35, -0.48]), (0.81772006, [20.364, 32.65, -28.48]), (0.793388, [-55.636, 16.65, 47.52]), (0.78870875, [35.164, 17.05, -48.48]), (0.78472364, [-6.49314286, -40.49285714, 6.37714286]), (0.77651453, [36.364, 21.45, -43.68]), (0.77575713, [27.164, 8.25, -36.48])]"
KRIT1_reduce.txt,7,"[(0.9487721, [16.017, 11.478, 34.826]), (0.93798506, [-7.183, 15.478, 19.626]), (0.85908324, [-12.54113953, 7.89660465, 3.84925581]), (0.8426591, [-2.45919048, 5.76371429, -15.2692381]), (0.8114706, [-2.983, 12.478, 7.826]), (0.79152596, [-13.183, 15.478, 15.226]), (0.78168595, [-7.983, 27.478, 22.826])]"
LIPT1_reduce.txt,1,"[(0.9129441, [-9.675, -6.104, -1.865])]"
MAF_reduce.txt,1,"[(0.772916, [13.987, 3.089, -21.989])]"
MAPK14_reduce.txt,2,"[(0.9311365, [7.598, 8.416, -4.576]), (0.9126378, [-0.402, 6.416, -14.576])]"
MARCHF5_reduce.txt,1,"[(0.734851, [-11.766, -4.86, 11.44])]"
MBD2_reduce.txt,1,"[(0.8940521, [7.212, 8.414, -9.241])]"
MBNL1_reduce.txt,1,"[(0.74444115, [2.63528571, 6.28942857, -12.97328571])]"
MED13L_reduce.txt,26,"[(0.97271967, [22.237, 0.11, -26.822]), (0.94614464, [10.237, -17.89, -22.822]), (0.9430338, [-21.263, 6.11, 20.678]), (0.93664956, [-9.763, -5.89, -0.822]), (0.93597996, [-25.763, 10.11, 17.178]), (0.9283824, [-17.263, -2.49, 8.378]), (0.9185481, [-15.09633333, -3.22333333, -2.822]), (0.911518, [-24.92089474, 6.95210526, -1.97989474]), (0.90612006, [5.237, 3.11, -5.822]), (0.9011019, [-9.763, 20.11, -2.822]), (0.89080924, [-25.763, -3.89, 5.178]), (0.8903642, [4.59214019, 0.24084112, -14.78461682]), (0.87783134, [23.037, 14.91, -14.822]), (0.87079996, [-12.46888235, 6.11, -8.23376471]), (0.8684988, [14.237, 14.11, 29.178]), (0.862358, [14.237, 14.11, 9.178]), (0.8574212, [23.487, 2.11, 2.428]), (0.84300864, [6.237, 16.86, -17.572]), (0.8413109, [-1.95577108, -16.44421687, 2.19004819]), (0.8387159, [6.237, 2.11, 29.178]), (0.8349361, [-9.763, 10.11, 25.178]), (0.83066124, [17.39489474, -13.04789474, -37.97989474]), (0.82576215, [-21.763, -1.89, 33.178]), (0.77258736, [-7.09633333, -13.89, -12.15533333]), (0.7393067, [-9.763, 14.91, 29.978]), (0.7360916, [26.237, -9.89, -34.822])]"
MED23_reduce.txt,9,"[(0.97568214, [-6.339, 1.997, 15.624]), (0.9323113, [-18.339, 7.997, 19.624]), (0.9074251, [-13.51547059, -3.29711765, 7.97694118]), (0.9067773, [17.661, 5.997, -12.376]), (0.89999866, [25.661, -6.003, -12.376]), (0.8982709, [-24.339, -10.003, 11.624]), (0.89573145, [-0.91042857, -14.003, -10.376]), (0.88952035, [-6.37289831, -2.98605085, -4.57938983]), (0.7805224, [-5.539, -18.803, -8.376])]"
MEF2C_reduce.txt,1,"[(0.67439044, [-5.937, 5.709, -5.598])]"
MIER3_reduce.txt,2,"[(0.8759972, [0.95328571, -11.38142857, -9.19671429]), (0.7462178, [-4.761, -12.81, -4.911])]"
MPDU1_reduce.txt,1,"[(0.90620947, [-2.59633333, 2.406, 0.83])]"
MTA2_reduce.txt,1,"[(0.9069067, [4.691, 6.443, -32.754])]"
MTHFD1_reduce.txt,6,"[(0.93569, [18.61, 8.761, -15.786]), (0.90263087, [-20.14, 12.761, 37.464]), (0.89785796, [4.86, -1.239, -15.536]), (0.88129395, [-6.14, 0.761, 15.464]), (0.8684115, [23.86, 28.761, -6.536]), (0.8204465, [-4.14, -15.239, -14.536])]"
NAMPT_reduce.txt,1,"[(0.88834333, [9.895, 7.396, -12.665])]"
NFKB1_reduce.txt,1,"[(0.80554783, [-20.284, 37.014, -3.958])]"
NMNAT1_reduce.txt,1,"[(0.9021944, [-5.71262069, 2.54858621, -5.16348276])]"
NUP37_reduce.txt,1,"[(0.90727526, [-4.43604762, 2.19561905, -3.13385714])]"
OAZ1_reduce.txt,1,"[(0.86456096, [6.538, 5.347, 3.281])]"
PCGF1_reduce.txt,1,"[(0.72109723, [2.05804878, -1.61814634, -4.34860976])]"
PCGF5_reduce.txt,1,"[(0.7984044, [2.542, -0.862, -10.892])]"
PFAS_reduce.txt,20,"[(0.94985956, [-20.697, -2.498, 24.095]), (0.9393625, [-7.24245455, 2.59290909, -19.05651515]), (0.929504, [23.303, 3.502, -27.905]), (0.92356944, [-9.03033333, 10.72422222, 5.87277778]), (0.91748863, [-5.197, -22.998, 8.095]), (0.91546834, [7.303, -22.498, -7.905]), (0.9119334, [17.303, -6.498, 8.095]), (0.90847194, [13.36360606, -8.31618182, -2.2080303]), (0.89667076, [-8.697, 21.502, -9.905]), (0.8930668, [-15.56879487, -14.19030769, 2.50525641]), (0.89257777, [7.303, 17.502, -3.905]), (0.8797242, [-4.697, 25.502, -3.905]), (0.8732773, [11.303, 2.302, 0.895]), (0.86997414, [3.303, -10.498, 0.095]), (0.86306894, [0.103, -22.498, 3.295]), (0.84788716, [-11.697, -23.498, 13.095]), (0.84074473, [20.303, -5.498, 1.095]), (0.80234444, [12.103, -27.298, -7.905]), (0.7684453, [11.303, -3.748, 10.845]), (0.7468594, [8.103, -15.298, 0.095])]"
PGM3_reduce.txt,3,"[(0.9125124, [0.459, 4.118, -1.114]), (0.88674957, [3.05359459, -4.96308108, -6.84372973]), (0.8751698, [-2.291, -15.882, 0.136])]"
PIM2_reduce.txt,2,"[(0.9187853, [9.562, 4.798, -2.817]), (0.8473315, [-2.438, 18.798, 9.183])]"
PMM2_reduce.txt,1,"[(0.8400805, [3.792, 3.938, -1.918])]"
POU2AF1_reduce.txt,1,"[(0.57465297, [-22.283, 16.365, -18.882])]"
PPCDC_reduce.txt,1,"[(0.73730254, [0.02981818, 3.70327273, -1.58054545])]"
PRDM1_reduce.txt,4,"[(0.94487876, [-0.761, -10.08, -2.108]), (0.90234613, [-5.161, -3.28, -2.108]), (0.84358084, [3.639, -2.48, -2.108]), (0.81604767, [-17.161, 22.72, -10.108])]"
RBM15_reduce.txt,1,"[(0.7846403, [-5.718, 16.032, -7.517])]"
RELB_reduce.txt,1,"[(0.7808632, [-15.54674359, -4.45146154, 9.56033333])]"
RING1_reduce.txt,1,"[(0.6921231, [-14.801, -2.78, 5.896])]"
ROCK1_reduce.txt,4,"[(0.90136564, [-13.157, -10.408, 5.391]), (0.89160025, [-5.607, -5.608, 6.641]), (0.8697811, [9.593, -18.408, 6.641]), (0.8502651, [41.593, 33.592, -65.359])]"
RPRD2_reduce.txt,1,"[(0.6852764, [-12.27611765, -1.18805882, 0.37123529])]"
SEC23B_reduce.txt,6,"[(0.93474203, [-10.93, 9.433, -0.541]), (0.92198545, [-11.93, 1.433, 11.459]), (0.9106321, [-15.93, 11.433, 3.459]), (0.87550133, [4.07, 5.433, 5.459]), (0.8528294, [-11.93, 9.433, -8.541]), (0.83579963, [24.07, 1.433, -8.541])]"
SEL1L_reduce.txt,4,"[(0.89745563, [4.38133333, -12.11, 4.57266667]), (0.8890561, [-12.452, 3.89, 17.406]), (0.8631769, [-20.452, 3.89, -2.594]), (0.85411495, [-4.68729412, 2.94882353, 14.11188235])]"
SIK3_reduce.txt,4,"[(0.9012356, [-4.612, 3.14566667, 12.798]), (0.881571, [-9.44533333, -9.521, 10.298]), (0.8310615, [-11.99228169, 8.11280282, -3.54002817]), (0.77373636, [-3.612, -4.521, 13.798])]"
SLC38A5_reduce.txt,3,"[(0.9334398, [-16.80955556, -8.83933333, 1.44566667]), (0.8321956, [-23.254, -3.506, 4.779]), (0.8248204, [4.746, 8.494, -15.221])]"
SMAD7_reduce.txt,1,"[(0.7473349, [-4.21466667, -3.09966667, -1.006])]"
SMARCD1_reduce.txt,2,"[(0.8997566, [3.044, -10.594, -10.667]), (0.73866016, [11.044, 5.406, -14.667])]"
STK11_reduce.txt,4,"[(0.9175224, [-10.002, -0.693, 4.425]), (0.8946806, [-5.202, 1.307, 9.225]), (0.86261094, [3.36942857, 0.04985714, 4.31071429]), (0.83440894, [-18.002, -6.693, 8.425])]"
SUPT20H_reduce.txt,2,"[(0.8888671, [6.294, 0.188, -6.03]), (0.8417725, [2.294, 12.188, -6.03])]"
SUPT7L_reduce.txt,3,"[(0.92055684, [-14.014, -1.165, -4.639]), (0.85569847, [-18.414, 3.235, -2.239]), (0.8293069, [-14.414, -4.765, -14.239])]"
SYVN1_reduce.txt,4,"[(0.96235996, [-4.745, -4.609, -0.804]), (0.8986082, [2.055, -4.609, -5.604]), (0.8562541, [-14.745, 3.391, 3.196]), (0.7765107, [9.255, -0.609, -12.804])]"
TADA1_reduce.txt,1,"[(0.89662397, [-22.999, -5.406, 12.847])]"
TAF5L_reduce.txt,3,"[(0.9161846, [-3.99053659, 4.919, 1.86831707]), (0.7979793, [21.95371429, -4.79528571, 0.73242857]), (0.7692703, [17.668, 0.919, 2.161])]"
TLE3_reduce.txt,3,"[(0.9250982, [-8.90078788, 2.50890909, -2.60245455]), (0.7985176, [-19.022, 8.218, -1.257]), (0.7523138, [-23.022, -0.582, -10.057])]"
TSC2_reduce.txt,13,"[(0.96833783, [39.187, 0.43866667, -27.448]), (0.93679655, [39.187, 4.572, -32.248]), (0.9067908, [23.91427273, 3.772, -22.72072727]), (0.8941793, [39.187, -8.228, -27.448]), (0.8888639, [43.987, -9.028, -43.448]), (0.8736637, [51.187, 11.772, -29.448]), (0.8733872, [34.72546154, -4.53569231, -43.60184615]), (0.86285543, [13.187, 3.772, -19.448]), (0.8594956, [27.187, -0.228, -39.448]), (0.85260135, [35.187, 23.772, -31.448]), (0.8456241, [47.987, -4.228, -52.248]), (0.84323883, [6.49134783, -9.79321739, -19.62191304]), (0.79919213, [44.187, -3.228, -48.448])]"
UBE2G2_reduce.txt,1,"[(0.7465662, [1.59781818, -6.275, 0.90954545])]"
UBE2J1_reduce.txt,1,"[(0.7363384, [-4.2137619, 0.38019048, 2.16352381])]"
VAPA_reduce.txt,1,"[(0.6538315, [-0.062, 4.667, -7.593])]"
VPS52_reduce.txt,1,"[(0.7528972, [-4.49296296, -4.16514815, 9.08585185])]"
XPO4_reduce.txt,9,"[(0.8890969, [13.318, 12.646, -2.912]), (0.8755368, [4.118, 1.846, -14.912]), (0.8717621, [-31.84866667, -2.02066667, 21.92133333]), (0.865192, [-12.682, 18.646, 1.088]), (0.84992397, [-28.682, -5.354, 9.088]), (0.84709966, [-0.682, 6.646, -14.912]), (0.7988579, [-27.34866667, -6.68733333, 17.088]), (0.7876026, [7.318, -1.354, -10.912]), (0.7758351, [-20.682, 10.646, 5.088])]"
ZBTB38_reduce.txt,6,"[(0.96041906, [-6.6, 31.745, 2.765]), (0.91779405, [-4.6, 26.945, -2.035]), (0.84227306, [-1.8, -13.055, 6.765]), (0.83423585, [13.4, -5.055, -18.035]), (0.806249, [-6.6, -13.055, 1.965]), (0.7801927, [-18.6, 26.945, 5.965])]"
ZEB1_reduce.txt,2,"[(0.8629134, [-20.341, 31.993, 4.823]), (0.7954977, [-12.341, 19.993, 8.823])]"
ZNF296_reduce.txt,1,"[(0.7058701, [0.07619403, 0.44638806, -8.54940299])]"
ZNF592_reduce.txt,4,"[(0.9141866, [-2.843, 21.785, -8.271]), (0.8383378, [-7.243, -34.615, 5.329]), (0.8116344, [-8.57633333, 16.05166667, -14.07840741]), (0.72401714, [1.557, 26.185, -10.671])]"
